fy,stage,as_of,category,agency,geo,printed_value,printed_unit,doc_id,page,table,row_label,col_label,note
2024,ACT,,res.total,,,"81,466.213",Nu. million,br-2026-27,22,3.1,Total Resources,FY 2024-25 Actual,
2025,RE,,res.total,,,"111,851.328",Nu. million,br-2026-27,22,3.1,Total Resources,FY 2025-26 Revised,
2026,BE,,res.total,,,"110,280.523",Nu. million,br-2026-27,22,3.1,Total Resources,FY 2026-27 Estimates,
2027,PROJ,,res.total,,,"110,840.362",Nu. million,br-2026-27,22,3.1,Total Resources,FY 2027-28 Projection,
2028,PROJ,,res.total,,,"102,398.506",Nu. million,br-2026-27,22,3.1,Total Resources,FY 2028-29 Projection,
2024,ACT,,res.domestic,,,"62,208.380",Nu. million,br-2026-27,22,3.1,1. Domestic Revenue,FY 2024-25 Actual,
2025,RE,,res.domestic,,,"78,952.498",Nu. million,br-2026-27,22,3.1,1. Domestic Revenue,FY 2025-26 Revised,
2026,BE,,res.domestic,,,"77,406.065",Nu. million,br-2026-27,22,3.1,1. Domestic Revenue,FY 2026-27 Estimates,
2027,PROJ,,res.domestic,,,"80,218.449",Nu. million,br-2026-27,22,3.1,1. Domestic Revenue,FY 2027-28 Projection,
2028,PROJ,,res.domestic,,,"81,643.788",Nu. million,br-2026-27,22,3.1,1. Domestic Revenue,FY 2028-29 Projection,
2024,ACT,,res.other,,,"1,985.263",Nu. million,br-2026-27,22,3.1,2. Other Receipts,FY 2024-25 Actual,
2025,RE,,res.other,,,"2,060.806",Nu. million,br-2026-27,22,3.1,2. Other Receipts,FY 2025-26 Revised,
2026,BE,,res.other,,,"2,176.974",Nu. million,br-2026-27,22,3.1,2. Other Receipts,FY 2026-27 Estimates,
2027,PROJ,,res.other,,,"1,962.409",Nu. million,br-2026-27,22,3.1,2. Other Receipts,FY 2027-28 Projection,
2028,PROJ,,res.other,,,"2,056.150",Nu. million,br-2026-27,22,3.1,2. Other Receipts,FY 2028-29 Projection,
2024,ACT,,res.grants,,,"17,272.570",Nu. million,br-2026-27,22,3.1,3. Grants,FY 2024-25 Actual,
2025,RE,,res.grants,,,"30,838.024",Nu. million,br-2026-27,22,3.1,3. Grants,FY 2025-26 Revised,
2026,BE,,res.grants,,,"30,697.484",Nu. million,br-2026-27,22,3.1,3. Grants,FY 2026-27 Estimates,
2027,PROJ,,res.grants,,,"28,659.504",Nu. million,br-2026-27,22,3.1,3. Grants,FY 2027-28 Projection,
2028,PROJ,,res.grants,,,"18,698.568",Nu. million,br-2026-27,22,3.1,3. Grants,FY 2028-29 Projection,
2024,ACT,,exp.total,,,"89,466.861",Nu. million,br-2026-27,22,3.1,Total Outlay,FY 2024-25 Actual,
2025,RE,,exp.total,,,"120,366.926",Nu. million,br-2026-27,22,3.1,Total Outlay,FY 2025-26 Revised,
2026,BE,,exp.total,,,"135,564.802",Nu. million,br-2026-27,22,3.1,Total Outlay,FY 2026-27 Estimates,
2027,PROJ,,exp.total,,,"125,950.440",Nu. million,br-2026-27,22,3.1,Total Outlay,FY 2027-28 Projection,
2028,PROJ,,exp.total,,,"122,065.702",Nu. million,br-2026-27,22,3.1,Total Outlay,FY 2028-29 Projection,
2024,ACT,,exp.recurrent,,,"45,872.261",Nu. million,br-2026-27,22,3.1,1. Recurrent Expenditure,FY 2024-25 Actual,
2025,RE,,exp.recurrent,,,"58,643.273",Nu. million,br-2026-27,22,3.1,1. Recurrent Expenditure,FY 2025-26 Revised,
2026,BE,,exp.recurrent,,,"63,028.514",Nu. million,br-2026-27,22,3.1,1. Recurrent Expenditure,FY 2026-27 Estimates,
2027,PROJ,,exp.recurrent,,,"64,231.903",Nu. million,br-2026-27,22,3.1,1. Recurrent Expenditure,FY 2027-28 Projection,
2028,PROJ,,exp.recurrent,,,"66,445.837",Nu. million,br-2026-27,22,3.1,1. Recurrent Expenditure,FY 2028-29 Projection,
2024,ACT,,exp.capital,,,"43,519.445",Nu. million,br-2026-27,22,3.1,2. Capital Expenditure,FY 2024-25 Actual,
2025,RE,,exp.capital,,,"61,723.653",Nu. million,br-2026-27,22,3.1,2. Capital Expenditure,FY 2025-26 Revised,
2026,BE,,exp.capital,,,"72,536.288",Nu. million,br-2026-27,22,3.1,2. Capital Expenditure,FY 2026-27 Estimates,
2027,PROJ,,exp.capital,,,"61,718.537",Nu. million,br-2026-27,22,3.1,2. Capital Expenditure,FY 2027-28 Projection,
2028,PROJ,,exp.capital,,,"55,619.865",Nu. million,br-2026-27,22,3.1,2. Capital Expenditure,FY 2028-29 Projection,
2024,ACT,,exp.advance_suspense,,,75.155,Nu. million,br-2026-27,22,3.1,Advance/Suspense (Net),FY 2024-25 Actual,
2025,RE,,exp.advance_suspense,,,-,Nu. million,br-2026-27,22,3.1,Advance/Suspense (Net),FY 2025-26 Revised,
2026,BE,,exp.advance_suspense,,,-,Nu. million,br-2026-27,22,3.1,Advance/Suspense (Net),FY 2026-27 Estimates,
2027,PROJ,,exp.advance_suspense,,,-,Nu. million,br-2026-27,22,3.1,Advance/Suspense (Net),FY 2027-28 Projection,
2028,PROJ,,exp.advance_suspense,,,-,Nu. million,br-2026-27,22,3.1,Advance/Suspense (Net),FY 2028-29 Projection,
2024,ACT,,exp.other_payment,,,0.000,Nu. million,br-2026-27,22,3.1,Net Other Payment,FY 2024-25 Actual,
2025,RE,,exp.other_payment,,,-,Nu. million,br-2026-27,22,3.1,Net Other Payment,FY 2025-26 Revised,
2026,BE,,exp.other_payment,,,-,Nu. million,br-2026-27,22,3.1,Net Other Payment,FY 2026-27 Estimates,
2027,PROJ,,exp.other_payment,,,-,Nu. million,br-2026-27,22,3.1,Net Other Payment,FY 2027-28 Projection,
2028,PROJ,,exp.other_payment,,,-,Nu. million,br-2026-27,22,3.1,Net Other Payment,FY 2028-29 Projection,
2024,ACT,,bal.overall,,,"(8,000.648)",Nu. million,br-2026-27,22,3.1,Overall Balance,FY 2024-25 Actual,
2025,RE,,bal.overall,,,"(8,515.598)",Nu. million,br-2026-27,22,3.1,Overall Balance,FY 2025-26 Revised,
2026,BE,,bal.overall,,,"(25,284.279)",Nu. million,br-2026-27,22,3.1,Overall Balance,FY 2026-27 Estimates,
2027,PROJ,,bal.overall,,,"(15,110.078)",Nu. million,br-2026-27,22,3.1,Overall Balance,FY 2027-28 Projection,
2028,PROJ,,bal.overall,,,"(19,667.196)",Nu. million,br-2026-27,22,3.1,Overall Balance,FY 2028-29 Projection,
2024,ACT,,fin.total,,,"8,000.648",Nu. million,br-2026-27,22,3.1,Financing,FY 2024-25 Actual,
2025,RE,,fin.total,,,"8,515.598",Nu. million,br-2026-27,22,3.1,Financing,FY 2025-26 Revised,
2026,BE,,fin.total,,,"25,284.279",Nu. million,br-2026-27,22,3.1,Financing,FY 2026-27 Estimates,
2027,PROJ,,fin.total,,,"15,110.078",Nu. million,br-2026-27,22,3.1,Financing,FY 2027-28 Projection,
2028,PROJ,,fin.total,,,"19,667.196",Nu. million,br-2026-27,22,3.1,Financing,FY 2028-29 Projection,
2024,ACT,,fin.net_lending,,,"3,445.635",Nu. million,br-2026-27,22,3.1,Net Lending,FY 2024-25 Actual,
2025,RE,,fin.net_lending,,,"5,660.322",Nu. million,br-2026-27,22,3.1,Net Lending,FY 2025-26 Revised,
2026,BE,,fin.net_lending,,,"9,860.421",Nu. million,br-2026-27,22,3.1,Net Lending,FY 2026-27 Estimates,
2027,PROJ,,fin.net_lending,,,"9,936.405",Nu. million,br-2026-27,22,3.1,Net Lending,FY 2027-28 Projection,
2028,PROJ,,fin.net_lending,,,"10,399.801",Nu. million,br-2026-27,22,3.1,Net Lending,FY 2028-29 Projection,
2024,ACT,,fin.external,,,"(3,471.337)",Nu. million,br-2026-27,22,3.1,Net External Borrowings,FY 2024-25 Actual,
2025,RE,,fin.external,,,"(6,404.751)",Nu. million,br-2026-27,22,3.1,Net External Borrowings,FY 2025-26 Revised,
2026,BE,,fin.external,,,"(8,078.780)",Nu. million,br-2026-27,22,3.1,Net External Borrowings,FY 2026-27 Estimates,
2027,PROJ,,fin.external,,,"1,978.989",Nu. million,br-2026-27,22,3.1,Net External Borrowings,FY 2027-28 Projection,
2028,PROJ,,fin.external,,,"1,643.512",Nu. million,br-2026-27,22,3.1,Net External Borrowings,FY 2028-29 Projection,
2024,ACT,,fin.internal,,,"8,026.350",Nu. million,br-2026-27,22,3.1,Net Internal Borrowings,FY 2024-25 Actual,
2025,RE,,fin.internal,,,"9,260.027",Nu. million,br-2026-27,22,3.1,Net Internal Borrowings,FY 2025-26 Revised,
2026,BE,,fin.internal,,,"23,502.638",Nu. million,br-2026-27,22,3.1,Net Internal Borrowings,FY 2026-27 Estimates,
2027,PROJ,,fin.internal,,,"3,194.684",Nu. million,br-2026-27,22,3.1,Net Internal Borrowings,FY 2027-28 Projection,
2028,PROJ,,fin.internal,,,"7,623.883",Nu. million,br-2026-27,22,3.1,Net Internal Borrowings,FY 2028-29 Projection,
2024,ACT,,bal.overall_pct_gdp,,,(2.64%),% of GDP,br-2026-27,22,3.1,Fiscal Balance % of GDP,FY 2024-25 Actual,
2025,RE,,bal.overall_pct_gdp,,,(2.52%),% of GDP,br-2026-27,22,3.1,Fiscal Balance % of GDP,FY 2025-26 Revised,
2026,BE,,bal.overall_pct_gdp,,,(6.54%),% of GDP,br-2026-27,22,3.1,Fiscal Balance % of GDP,FY 2026-27 Estimates,
2027,PROJ,,bal.overall_pct_gdp,,,(3.50%),% of GDP,br-2026-27,22,3.1,Fiscal Balance % of GDP,FY 2027-28 Projection,
2028,PROJ,,bal.overall_pct_gdp,,,(4.13%),% of GDP,br-2026-27,22,3.1,Fiscal Balance % of GDP,FY 2028-29 Projection,
